key,title,year,month,day,journal,issn,volume,issue,pages,authors,url,language,publisher,location,abstract,notes,doi,keywords,pubmed_id,pmc_id
rayyan-461208402,"How inclusive is disaster risk reduction? Perceptions and predicaments of persons with disabilities during disaster in Assam, India",2025,1.0,1.0,Disasters,,49.0,4.0,,"Doll, V. and Vij, S. and Warner, J.",https://www.scopus.com/inward/record.uri?eid=2-s2.0-105009771314&doi=10.1111%2Fdisa.12693&partnerID=40&md5=73d97da23a137f29edf07166fe91ed63,,,,"Persons with disabilities (PWDs) are disproportionately affected by disasters. Disability-inclusive disaster risk reduction (DIDRR) focuses on decreasing the vulnerability of PWDs and enhancing their capacities in disaster, yet little is known about how disability is mainstreamed in disaster risk reduction (DRR) policies and practices. Applying Amartya Sen's capability approach, this study investigates if and how PWDs are included in DRR policymaking, implementation, and response activities in Assam, India. Based on policy document analysis and semi-structured interviews, it finds a divide in addressing disability inclusion at different policymaking levels. Furthermore, there is a gap between the existing DRR framework and how (inclusive) DRR is implemented on the ground. Flood management in Assam is not based on institutionalised (DI)DRR measures, but a bottom-up approach based on traditional knowledge. In Assam, PWDs lack resources and conversion factors, absences which are reinforced by missing or inadequate provisions on the part of governmental or non-governmental actors and a fractured DRR policymaking framework. © 2025 The Author(s). Disasters published by John Wiley & Sons Ltd on behalf of ODI Global.","Export Date: 19 January 2026; Cited By: 1 | RAYYAN-INCLUSION: {""Jingyu""=>""Included""} | RAYYAN-LABELS: core",10.1111/disa.12693,Assam;capability approach;disability-inclusive disaster risk reduction;India;local knowledge;disability;disaster management;flood control;perception;policy analysis;risk assessment;traditional knowledge;Assam;India;disabled person;disaster;disaster planning;flooding;human;interview;management;organization and management;psychology;risk reduction;Disaster Planning;Disasters;Floods;Humans;Interviews as Topic;Persons with Disabilities;Policy Making;Risk Reduction Behavior,,
rayyan-461208411,Mapping the Urban and Rural Divide in Deaf & Disability-Accessible Climate Risk Communication Methods in California's Offices of Emergency Services,2025,1.0,1.0,Journal of Contingencies and Crisis Management,,33.0,3.0,,"Engelman, A. and Lin, C. and Vien, M. and Ivey, S.L. and Farinha, S. and Neuhauser, L.",https://www.scopus.com/inward/record.uri?eid=2-s2.0-105013634078&doi=10.1111%2F1468-5973.70073&partnerID=40&md5=eb53a3a483bd40adcbb37b01cf2f0fc2,,,,"Due to geography, structural, and economic factors, California has been the site of multiple climate crises. Deaf and disabled Californians face especially high health risks in crises, partly due to inaccessible risk communications before, during, and after disasters. California's Offices of Emergency Services (OES) play an important role in ensuring inclusive emergency communication for disabled people. This study examines accessibility of climate-related risk communications in California's OES for deaf and disabled people and is intended to provide guidance to the cities, counties, and the state to improve risk communication plans for disabled people. Key informants from county (n = 44) and city (n = 13) OES offices were surveyed about whether their OES provided accessible emergency communications, had barriers, and had needs to improve accessible communications. Findings reveal that urban OES offices more frequently report using or being aware of accessible communication strategies, while rural offices face challenges due to limited resources and infrastructure. Rural OES have fewer partnerships with deaf-serving organizations and are less likely to have resources to provide captioning and American Sign Language (ASL) interpreters, compared to urban OES. The study highlights the need for improved training, resource allocation, and policy integration to address accessible communication gaps, especially in rural areas. Recommendations include increased training and funding for rural OES offices, stronger partnerships with disability advocacy groups, and the adoption of universal design principles in climate risk communications. This would ensure that all Californians—regardless of location or ability—receive the information they need to prepare for and respond to climate disasters. © 2025 John Wiley & Sons Ltd.","Export Date: 19 January 2026; Cited By: 0 | RAYYAN-INCLUSION: {""Jingyu""=>""Included""} | RAYYAN-LABELS: core",10.1111/1468-5973.70073,crisis communication;deaf;disabled;emergency management;risk communication;crisis management;disability;hazard management;health risk;California;United States,,
rayyan-461208436,Facilitating the voices of people with disabilities in disaster research: a case study of participatory timeline methodologies in Sindhupalchok Nepal,2025,1.0,1.0,Disaster Prevention and Management,,34.0,1.0,9-23,"Ewen, A. and Pelling, M.",https://www.scopus.com/inward/record.uri?eid=2-s2.0-105001092517&doi=10.1108%2FDPM-01-2024-0036&partnerID=40&md5=125dd6831676fe044c4281572eaf4819,,,,"Purpose: There has been increasing advocacy for the inclusion of people with disabilities in disaster research and practice yet there are limited empirical examples that give voice to people with disabilities and their expereinces by consulting them directly. Conceptulising new methods that frame the role of people with disabilties as co-producers are essential for improving the representation of people with disabilties in the context of disaster research and beyond. The paper discusses how to facilitate disability inclusive research and introduces a participatory timeline tool that was co-produced by people with physical disabilities in Sindhupalchok, Nepal. Design/methodology/approach: The participatory timeline activity utilised 3D printed counters to explore the experiences of people with disabilities during disaster events and their recovery processes, in this case, the 2015 Ghorka earthquake and the 2021 Melamchi Flood. The paper reflects on how to foster disability-inclusive environments by placing agency and ownership by people with disabilities at the centre of research practice. Findings: This approach created an atmosphere of collaboration and supported co-researchers to reveal their experiences and knowledge on their own terms. The counter tool introduced could be adapted for different research inquiries and used alongside other methods which seek to facilitate the voices of people with disabilities. Originality/value: The research paper adds to the limited body of litreature on how to conduct participatory research with people with disabilities in disaster contexts and more widely within Majority world contexts. © 2024, Emerald Publishing Limited.","Export Date: 19 January 2026; Cited By: 3 | RAYYAN-INCLUSION: {""Jingyu""=>""Included""} | RAYYAN-LABELS: core",10.1108/DPM-01-2024-0036,Disability;Disaster risk reduction;Disaster studies;Nepal;Nepal earthquake;Qualitative methods;Research methods,,
rayyan-461208440,Inclusivity Overlooked: A Case Study of People with Disabilities’ Inclusion in Climate Resilience Planning in Massachusetts,2025,1.0,1.0,Environmental Justice,,18.0,2.0,137-145,"Brown, C.H. and McCauley, S.M. and Adler-Abramo, R.",https://www.scopus.com/inward/record.uri?eid=2-s2.0-105003961248&doi=10.1089%2Fenv.2023.0084&partnerID=40&md5=db30a0308ef067ee20c1e907e9bcac6c,,,,"Although protecting the most vulnerable populations is a central priority in climate resilience planning, people with disabilities (PWDs) are rarely addressed explicitly in climate planning. This case study analyzes the inclusion of PWDs in climate resilience planning, using Massachusetts’s Municipal Vulnerability Preparedness (MVP) program, the state’s comprehensive approach to climate resilience planning, as a case study. Drawing on in-depth interviews, document review, and participation in a multisectoral working group addressing disability issues, we find that the planning program includes only minimal attention to disability issues overall, that differences in PWDs’ functional abilities were not addressed, and that the challenges PWDs face in participating in planning processes—physical, logistical, and communication barriers—were not considered. A discussion explores reasons for this oversight, including the limits of disability designations in climate planning, the intersection of disabilities with other factors of marginalization, and the emphasis on physical rather than social models of disabilities in climate planning. We argue that environmental justice frameworks, as operationalized in climate resilience planning, could better support the needs of PWDs by including a rights-based approach. © Mary Ann Liebert, Inc.","Export Date: 19 January 2026; Cited By: 2 | RAYYAN-INCLUSION: {""Jingyu""=>""Included""} | RAYYAN-LABELS: core",10.1089/env.2023.0084,adaptation planning;climate change;environmental justice;Massachusetts;people with disabilities;adaptive management;disability;environmental justice;environmental planning;local participation;marginalization;planning process;vulnerability;Massachusetts;United States,,
rayyan-461208441,Disability-inclusive data collection and survey outcomes that reflect the lived experiences of people with disabilities in emergencies or disasters,2025,1.0,1.0,Journal of Emergency Management,,23.0,2.0,161-169,"Skaggs, D. and Sanches, K.",https://www.scopus.com/inward/record.uri?eid=2-s2.0-105003084660&doi=10.5055%2Fjem.0889&partnerID=40&md5=c8bc578763f065d8d122fffc42b16f92,,,,"This article documents a disability-inclusive study conducted in partnership with disability-led community-based organizations in survey development and distribution. Information collection focused on the lived experiences of people with disabilities, their perceived impact, and their future expectations. Survey results from 413 individuals with disabilities document the disaster or personal crisis-related experiences and their subsequent impacts. Results from a selection of survey questions were identified for further exploration and their potential impact on disability-inclusive planning, response, and recovery, with a view to identifying potential variables that impact the disproportionate impact of disasters on people with disabilities. Perspectives provided by survey respondents, who were exclusively people with disabilities, overlapped with but did not necessarily align with what is known about emergency and disaster response systems. Study outcomes supported current recommended practices for inclusive planning with people with disabilities. The study supports the premise that accessibility, programmatic inclusion, and effective communication impact the lived experience of people with disabilities in disasters and warrant additional inquiry. Furthermore, the equitable and valued involvement of people with disabilities and disability-led organizations is essential in disaster research, policy, and practice that does not leave anyone behind. Research can, and should, be conducted in coordination with disability stakeholders and people with disabilities in order to generate useful and implementable policy and practice information. This inclusive approach should take priority over rigorous academic research methods and standards for principled and practical considerations. © 2025 Weston Medical Publishing. All rights reserved.","Export Date: 19 January 2026; Cited By: 0 | RAYYAN-INCLUSION: {""Jingyu""=>""Included""} | RAYYAN-LABELS: core",10.5055/jem.0889,disability inclusion in disaster research and implementation;disability-inclusive disaster risk reduction;equity in disasters for people with disabilities;adult;disabled person;disaster;disaster planning;emergency;female;human;information processing;male;middle aged;procedures;psychology;questionnaire;Adult;Data Collection;Disaster Planning;Disasters;Emergencies;Female;Humans;Male;Middle Aged;Persons with Disabilities;Surveys and Questionnaires,,
rayyan-461208457,Between a rock and a hard place: exploring the lived experience of disability and climate injustice,2025,1.0,1.0,Climate and Development,,,,,"Eriksen, S.H. and Bell, S.L. and Mfitumukiza, D. and Raanaas, R.K. and Dani, R.P. and Delic-Klevstad, N. and Gilani, S.F.F. and Grøndahl, R. and Kuteesa, V. and Marty, E. and Nangosi, D. and Skolbekken, M. and Sponberg, M. and Badke, A. and Jemison, E.M. and Kleven, S.K.Ø. and Martinsen, E.K. and Nalubwama, M. and Tecle, E.N. and Ssennoga, M.K.",https://www.scopus.com/inward/record.uri?eid=2-s2.0-105025137968&doi=10.1080%2F17565529.2025.2592263&partnerID=40&md5=a5349f19f9e496875440e8b0bbf0472c,,,,"This paper examines disability and climate injustice among rural livelihoods in Kenya and Uganda, foregrounding the importance of understanding, respecting and embedding the lived experiences of persons with disabilities (PWDs) in climate adaptation practice. Previous studies have highlighted the need to approach transformative adaptation through interventions that address the unjust knowledge and power relations that create vulnerability. Social injustice in essence describes the interlinked processes through which people come to be stuck between a rock and a hard place; a poignant way of characterizing the vulnerable situations that many PWDs have to navigate within everyday lives increasingly permeated by climate risk. Our study engages with everyday disability knowledges to explore how the disproportionate climate risks they experience intersect with processes of marginalization and a lack of access to the benefits of climate interventions. In both Kenya and Uganda, local adaptation decision-making structures involve explicit representation of PWDs. Despite this important progress, key dimensions through which exclusion and social injustices unfold are identified. The experiential knowledge of PWDs is essential to deepen our understanding of what it takes to build inclusive, mutual learning processes into transformative climate adaptation efforts, strengthening climate justice. © 2025 The Author(s). Published by Informa UK Limited, trading as Taylor & Francis Group.","Export Date: 19 January 2026; Cited By: 0 | RAYYAN-INCLUSION: {""Jingyu""=>""Included""} | RAYYAN-LABELS: core",10.1080/17565529.2025.2592263,Africa;climate change;Climate justice;disability;epistemic justice;transformative adaptation,,
rayyan-461208466,Climate Change and Disability,2025,1.0,1.0,,,,,1-438,"Alexander, M. and Fogarty, A.E. and Leochico, C.F.D.",https://www.scopus.com/inward/record.uri?eid=2-s2.0-105023943092&doi=10.1016%2FC2023-0-52406-1&partnerID=40&md5=b98c86cb38346b9a1c50214132c11771,,,,"Until recently, little attention has been paid to the concerns of people living with disabilities during extreme weather events and long-term climate changes. Climate Change and Disability: A Collaborative Approach to a Sustainable, Inclusive Future for All delineates the general and specific risks of climate change for people living with disabilities and how we can use accessible approaches to mitigate, adapt, and control these risks, while maximizing opportunities for people living with disabilities. The book opens with an introduction on how we got here. The book continues with sections on actions and research, the physiologic impact of different disabilities, and discussions of specific continents and countries, where issues related to climate change exist. Education and advocacy are covered in detail, and the book wraps up with a section on action and research, detailing how to respond to extreme weather events including how various types of disabilities are impacted by different events. Climate Change and Disability: A Collaborative Approach to a Sustainable, Inclusive Future for All serves as a guide for a broad audience at the crossroads of environmental adaptation and human health. Physicians, as well as nurses, physical and occupational therapists, and other allied health professionals will find it valuable for tailoring care for people living with disabilities due to climate change. Advocates and individuals living with disabilities will gain insight into advocacy for inclusive policies and personal preparedness. Scientists and clinicians interested in the health and societal impacts of climate change will find it useful in informing their research and practice. Policymakers and politicians can utilize this resource to develop equitable climate strategies, ensuring that environmental justice concerns are inclusive. © 2026 Elsevier Inc. All rights are reserved, including those for text and data mining, AI training, and similar technologies.","Export Date: 19 January 2026; Cited By: 0 | RAYYAN-INCLUSION: {""Jingyu""=>""Included""} | RAYYAN-LABELS: core",10.1016/C2023-0-52406-1,Sustainable development;Collaborative approach;Environmental adaptation;Environmental justice;Extreme weather events;Gain insight;Health impact;Health professionals;Human health;Policy makers;Societal impacts;Climate change,,
rayyan-461208472,"Halin ai: Intersectional Experiences of Disability, Climate Change, and Disasters in Indonesia",2023,1.0,1.0,SOCIAL INCLUSION,,11.0,4.0,291-302,"Pirmasari, DA and Mcquaid, K",,,,"Univ Leeds, Sch Geog, Leeds, England","Halin ai centres the lived experiences of climate change and disasters of people living with disabilities in two urban sites in Indonesia-Banjarmasin in South Kalimantan and Mataram in West Nusa Tenggara. We call for an intersectional and decolonial approach to better understand how disabilities intersect with social and structural injustices in urban settings to shape diverse responses to climate change and disasters. We highlight the economic, socio-cultural, and embodied challenges that increase vulnerability to-and ability to recover from-disasters including urban flooding and earthquakes. We draw on ethnographic and visual data from our research, including a comic illustrated by Ariel and Zaldi and sketches by Rizaldi, to centre diverse lived experiences of structural vulnerabilities and socio-cultural marginalisation, particularly concerning education and livelihoods. Foregrounding life stories in this way serves to challenge the absence of meaningful engagement of people with disabilities in disaster risk reduction and climate change actions and decision-making. Our article highlights disability as a site of both discrimination and critical embodied knowledge, simultaneously a product of structural, socio-cultural, political, and environmental injustice while also a source of innovation, resilience, and agency.","Times Cited in Web of Science Core Collection:  4     Total Times Cited:  4     Cited Reference Count:  59 | RAYYAN-INCLUSION: {""Jingyu""=>""Included""} | RAYYAN-LABELS: core",10.17645/si.v11i4.7105,climate change;decolonial;disability;disasters;hazards;Indonesia;JUSTICE;PEOPLE;RIGHTS,,
rayyan-461208501,Disability climate justice in the courts: Strategies for harnessing disability-specific legal protections to catalyze disability-inclusive climate action,2025,1.0,1.0,,,,,259-270,"Duke, S. and Smith, M.S. and Stein, M.A.",https://www.scopus.com/inward/record.uri?eid=2-s2.0-105023918154&doi=10.1016%2FB978-0-443-31568-8.00015-5&partnerID=40&md5=81c306e3cdfb7eb6b6f438896c201fd5,,,,"Around the world, climate actors are increasingly turning to climate litigation as an advocacy tool to catalyze climate action. However, as with the general exclusion of persons with disabilities from international climate negotiations, little climate litigation focuses on disability-inclusive climate action, even where litigants have health conditions that could be characterized as impairments giving rise to disabilities. The relative invisibilization of disability within much climate litigation belies both the disproportionately large effects of climate change on persons with disabilities and the disproportionately low contributions of persons with disabilities to carbonization that are core to disability climate justice concerns. At the same time, notable recent climate cases may signal promising pathways for advancing disability climate justice through litigation. As several key cases have demonstrated, disability cause lawyers in the United States have successfully pushed for adoption of disability-inclusive climate adaptation measures through legal claims presented as disability nondiscrimination claims. Climate litigators, therefore, should take notice of disability rights legal frameworks so as to strengthen their legal actions’ propensity for catalyzing disability-inclusive climate action. So, too, should global disability human rights bodies and disability rights advocacy organizations seek to educate climate litigators on the benefits of importing disability rights frames into climate cases. © 2026 Elsevier Inc. All rights reserved.","Export Date: 19 January 2026; Cited By: 0 | RAYYAN-INCLUSION: {""Jingyu""=>""Included""} | RAYYAN-LABELS: core",10.1016/B978-0-443-31568-8.00015-5,Cause lawyers;Climate change;Climate litigation;Disability climate justice;Human rights;International law;Product liability;Catalyse;Cause lawyer;Climate justices;Climate litigation;Disability climate justice;Disability rights;Health condition;Human rights;Legal protection;Persons with disabilities;Climate change,,
rayyan-461208539,Examining Patterns of Partnership with Local Experts in Developing Inclusive Disaster Risk Reduction Innovation in Yogyakarta Indonesia,2025,1.0,1.0,IOP Conference Series: Earth and Environmental Science,,1479.0,1.0,,"Rahatiningtyas, N.S. and Hanafi, E.A. and Natalia, W. and Dwiyani, R. and Hibban, S.F. and Novia, J. and Kingkin, D.D.R.L.",https://www.scopus.com/inward/record.uri?eid=2-s2.0-105003406800&doi=10.1088%2F1755-1315%2F1479%2F1%2F012028&partnerID=40&md5=8d14396e5e438985da63fced69d0380c,,,,"The necessity for inclusive Disaster Risk Reduction (DRR) innovation has become more apparent in the Special Region of Yogyakarta (DIY), given the significant population of older people and people with disabilities who face various disaster risks. It is believed that local partnerships in innovation can effectively ensure sustainability of the innovation in a creative, inclusive, and targeted manner. A qualitative approach was employed to examine the patterns and added value of these partnerships during the scaling-up phase. The primary framework used in analyzing these partnership patterns is the typology proposed by Stott and Murphy. This study aims to examine different partnership patterns with local experts during the scaling-up of innovation and to understand the added value these partnerships bring. The data for this study were gathered through document reviews, observations, and in-depth interviews with four innovators involved in IDEAKSI, an innovation incubation program organized by the YAKKUM Emergency Unit (YEU) from 2021 to 2023. This study found that during the scaling-up phase, the entire innovators established partnerships with a total of 17 local expert partners, including local governments, communities, and non-governmental organizations. This partnership pattern is shaped by the unique characteristics of each organization. A collaborative approach that emphasizes interpersonal relationships and a deep understanding of local contexts can increase the effectiveness of innovations related to inclusive disaster risk reduction. These findings can serve as a guide for designing partnership strategies aimed at fostering inclusive disaster risk reduction at the local level. Additionally, they have the potential to become a partnership model adaptable to various locations, addressing similar challenges globally. © Published under licence by IOP Publishing Ltd.","Export Date: 19 January 2026; Cited By: 0 | RAYYAN-INCLUSION: {""Jingyu""=>""Included""} | RAYYAN-LABELS: core",10.1088/1755-1315/1479/1/012028,,,
rayyan-461208546,Deaf-led organizations and disaster communication in Viet Nam: Interdisciplinary insights for disability inclusive disaster risk reduction planning,2021,11.0,1.0,INTERNATIONAL JOURNAL OF DISASTER RISK REDUCTION,,65.0,,,"Cooper, AC and Bùi, HTT and Nguyên, LT and Nguyên, PK and Nguyên, THT and Phan, DPN",,,,"[""Culture Gallaudet Univ, Sch Language Educ & Culture, Arts Program Int Dev, 800 Florida Ave NE,Fowler Hall,Room 409A, Washington, DC 20002 USA"", ""Ho Chi Minh City Deaf Club, Ho Chi Minh City, Vietnam"", ""Ha Noi Assoc Deaf, Hanoi, Vietnam"", ""Tien Giang Deaf Club Supervisory Board, Tien Giang, Vietnam"", ""Hue Deaf Club, Hue, Vietnam"", ""Da Nang Deaf Club, Da Nang, Vietnam     CR  - Age and Disability Capacity Programme (ADCAP), 2018, HUM INCL STAND OLD P     CR  - Ahearn LM, 2001, ANNU REV ANTHROPOL, V30, P109, DOI 10.1146/annurev.anthro.30.1.109     CR  - Alexander D., 2012, Handbook of Hazards and Disaster Risk Reduction     CR  - [Anonymous], 2013, DIS INCL DIS RISK MA     CR  - [Anonymous], 2017, INNOVATIONS DEAF STU     CR  - [Anonymous], 2009, CODING MANUAL QUALIT     CR  - [Anonymous], 2012, DIS RES NAT IMP     CR  - [Anonymous], 2013, UN Convention on the Rights of Persons with Disabilities, Ugandas Initial Status Report     CR  - [Anonymous], 2012, Disaster Resilience: A National Imperative     CR  - [Anonymous], 1998, HOMOSACER SOVEREIGN     CR  - Awotona A, 2017, PLANNING FOR COMMUNITY-BASED DISASTER RESILIENCE WORLDWIDE: LEARNING FROM CASE STUDIES IN SIX CONTINENTS, P1     CR  - Bamgbose O, 2018, LAW PRACTICE DISASTE     CR  - Bangalore M., 2016, BACKGROUND PAPER EXP     CR  - Blommaert Jan, 2010, ETHNOGRAPHIC FIELDWO     CR  - Calgaro E., 2012, INCREASING RESILIENC     CR  - Calgaro E., 2020, NATURAL HAZARDS DISA     CR  - Calgaro E, 2021, INT J DISAST RISK RE, V57, DOI 10.1016/j.ijdrr.2021.102156     CR  - Centre for Disability Research and Policy, 2016, 2 U SYDN CTR DIS RES     CR  - Charles A, 2007, LOCAL ENVIRON, V12, P209, DOI 10.1080/13549830601183677     CR  - Committee on the Rights of Persons with Disabilities, 2018, COMM RIGHTS PERS DIS     CR  - Cooper A.C, 2020, SIGN LANGUAGE IDEOLO     CR  - Cooper AC, 2015, J LINGUIST ANTHROPOL, V25, P105, DOI 10.1111/jola.12081     CR  - Cooper AC, 2014, LANG SOC, V43, P311, DOI 10.1017/S0047404514000219     CR  - Cooper AudreyC., 2017, Deaf to the Marrow: Deaf Social Organizing and Active Citizenship in Viet Nam     CR  - Craig L., 2017, NEEDS ASSESSMENT PHI     CR  - Cripps Jody H, 2016, J Emerg Manag, V14, P101, DOI [10.5055/jem.2016.0277, 10.5055/jem.2016.0277]     CR  - Davis LennardJ., 1995, ENFORCING NORMALCY D     CR  - De Meulder M., 2016, THESIS U JYVASKYLA F     CR  - De Meulder M., 2019, SIGN LANGUAGE INTERP, DOI [10.1075/tis.18008.dem, DOI 10.1075/TIS.18008.DEM]     CR  - DeMeulder M., 2019, LEGAL RECOGNITION SI, V1st, DOI DOI 10.21832/9781788924016-011     CR  - DuBois J.W., 2007, STANCETAKING DISCOUR, DOI [DOI 10.1075/PBNS.164.07DU, 10.1075/pbns.164.07du]     CR  - ELAN, 2020, **NON-TRADITIONAL**     CR  - Emery SD, 2009, CITIZENSHIP STUD, V13, P31, DOI 10.1080/13621020802586719     CR  - Engelman A.A., 2012, Addressing Disparities in Emergency Communication with the Deaf and Hard-Of-Hearing: Cultural Competence and Preparedness for First Responders     CR  - Engelman Alina, 2017, J Emerg Manag, V15, P7, DOI [10.5055/jem.2017.0309, 10.5055/jem.2017.0309]     CR  - Engelman A, 2013, BMC HEALTH SERV RES, V13, DOI 10.1186/1472-6963-13-84     CR  - Englebretson Robert., 2007, Stancetaking in Discourse     CR  - Fairclough N., 2003, Analyzing discourses: Textual analysis for social research     CR  - Fjord L, 2009, HUM ORGAN, V68, P64, DOI 10.17730/humo.68.1.j6811546lm75n218     CR  - Friedner M, 2020, ANNU REV ANTHROPOL, V49, P31, DOI 10.1146/annurev-anthro-010220-034545     CR  - GSO, 2019, POPULATION HOUSING C     CR  - GSO, 2018, NAT SURV PEOPL DIS     CR  - Haualand H., 2009, DEAF PEOPLE HUMAN RI     CR  - Hunt MR, 2015, GLOBAL HEALTH ACTION, V8, DOI 10.3402/gha.v8.27969     CR  - Huynh Nhat, NEUROSCIENCE ALCOHOL, P661, DOI [10.1016/B978-0-12-813125-1.00068-4, DOI 10.1016/B978-0-12-813125-1.00068-4]     CR  - Hymes Dell., 1996, ETHNOGRAPHY LINGUIST     CR  - IFRC, 2007, VCA TOOLB     CR  - Ivey SL, 2014, PUBLIC HEALTH REP, V129, P148, DOI 10.1177/003335491412900208     CR  - Izutsu T, 2019, 2015 UN WORLD C DIS     CR  - Jacq Emmanuel, 2016, SITUATION DEAF COMMU     CR  - Jaffe A., 2009, STANCE SOCIOLINGUIST     CR  - Kett M., 2007, World disasters report-Focus on discrimination, P86     CR  - King J, 2019, INT J DISAST RISK RE, V34, P459, DOI 10.1016/j.ijdrr.2018.12.017     CR  - Kusters A., 2020, Sign Language Ideologies in Practice     CR  - Lee J, 2012, THESIS U COLORADO BO     CR  - Leeson L, 2019, DISASTER PREV MANAG, V29, P187, DOI 10.1108/DPM-01-2019-0007     CR  - Lukasiewicz A., 2020, Natural hazards and disaster justice: Challenges for Australia and its neighbours     CR  - Maffi Luisa., 2010, Biocultural Diversity Conservation: A Global Sourcebook, DOI [10.4324/9781849774697, DOI 10.4324/9781849774697]     CR  - McKee R, 2014, INTERPRETING, V16, P107, DOI 10.1075/intp.16.1.06kee     CR  - Mitchell DT, 2015, CORPOREALITIES DISCO     CR  - MOET-UNESCO, 2014, ED ALL 2015 NAT REV     CR  - Murray JJ, 2018, HUM RIGHTS QUART, V40, P37, DOI 10.1353/hrq.2018.0001     CR  - Nakicenovic N., 2000, IPCC SPECIAL REPORT, P1, DOI [DOI 10.1177/0333102417738202, 10.1017/9781009157940, DOI 10.1017/9781009157940]     CR  - Neuhauser L, 2013, PLOS ONE, V8, DOI 10.1371/journal.pone.0055614     CR  - Nguy T.H., 2019, DEAF ED W WORLD CONT     CR  - Nguyen AT, 2019, SPRINGER CLIMATE, P1, DOI 10.1007/978-3-319-94917-8     CR  - Nikolaraizi M, 2025, INT J INCLUSIVE EDUC, V29, P2238, DOI 10.1080/13603116.2020.1862408     CR  - Oliver-Smith A., 2016, Anthropology of climate change: from encounters to actions     CR  - Pachauri RK, 2014, 2014 IEEE STUDENTS' CONFERENCE ON ELECTRICAL, ELECTRONICS AND COMPUTER SCIENCE (SCEECS)     CR  - Pfister A.E, 2015, THESIS U S FLORIDA     CR  - Phibbs S, 2014, PROC ECON FINANC, V18, P190, DOI 10.1016/S2212-5671(14)00930-7     CR  - Priestley M, 2007, J SOC WORK DISABIL R, V5, P23, DOI 10.1300/J198v05n03_02     CR  - Raja D.S, 2016, DIGITAL DIVIDENDS BR     CR  - Raja D.S., 2013, Inclusive disaster and emergency management for persons with disabilities: A review of needs, challenges, effective policies, and practices     CR  - Rajan S.Ravi., 2002, Catastrophe Culture     CR  - Roberts G, 2018, AUST J EMERG MANAG, V33, P7     CR  - Robinson A, 2020, WORLD BANK GLOBAL FA     CR  - Rogl R., 2017, NONPROFESSIONAL INTE     CR  - Ronoh S, 2015, INT J DISAST RISK SC, V6, P38, DOI 10.1007/s13753-015-0042-9     CR  - Schild S, 2016, J AGGRESS MALTREAT T, V25, P873, DOI 10.1080/10926771.2016.1145162     CR  - Shaw R, 2012, COMM ENV DISAST RISK, V10, P1     CR  - Skot L., 2015, 14 ESTSS C LITH VILN     CR  - Smith F., 2017, Disability and climate resilience: a literature review     CR  - Spurway K, 2016, INT PERSPECT SOC POL, P469, DOI 10.1007/978-3-319-42488-0_30     CR  - Takayama K, 2017, J SOC WORK DISABIL R, V16, P247, DOI 10.1080/1536710X.2017.1372241     CR  - Tannenbaum-Baruchi Carolina, 2014, Disaster Health, V2, P106, DOI 10.4161/21665044.2014.989131     CR  - Ton KT, 2021, DISASTER PREV MANAG, V30, P125, DOI 10.1108/DPM-08-2020-0248     CR  - Trainor JosephE., 2018, HDB DISASTER RES, V2nd     CR  - Tran T.B., 2017, Ending stigma: Assessment from the perspectives of people with disabilities     CR  - Hanh TTT, 2020, ENVIRON HEALTH INSIG, V14, DOI 10.1177/1178630220924658     CR  - Twigg J., 2007, TOOLS MAINSTREAMING     CR  - Twigg J, 2014, DISASTERS, V38, P465, DOI 10.1111/disa.12066     CR  - Uekusa S, 2019, LANG SOC, V48, P353, DOI 10.1017/S0047404519000150     CR  - Umar A.R.M., 2020, CLIMATE CHANGE DISAS     CR  - UNDESA, 2020, DIS LAWS ACTS COUNTR     CR  - UNDESA, 2019, DIS DEV REP     CR  - UNESCAP, 2019, DIS RISKSC S E AS KE     CR  - UNESCAP, 2020, DIS RISKSC S E AS TA     CR  - UNHCR, 2015, STUDY PEOPLE DISABIL     CR  - UNHCR, 2019, CLIM CHANG DIS     CR  - WASLI & WFD WASLI and WFD, 2015, GUID COMM DIS OTH MA     CR  - Weibgen AA, 2015, YALE LAW J, V124, P2406     CR  - White B., 2006, The Review of Disability Studies, V2, P49     CR  - Wilkinson E., 2017, Delivering disaster risk reduction by 2030: pathways to progress     CR  - Wit M., 2016, SIGN LANGUAGE INTERP     CR  - Wolbring G., 2009, M/C Journal, V12, DOI DOI 10.5204/MCJ.173     CR  - Woodward J, 2000, SIGNS OF LANGUAGE REVISITED, P23     CR  - Woodward J, 2012, SIGN LANG STUD, V13, P19, DOI 10.1353/sls.2012.0023     CR  - World Federation of the Deaf, 2020, STAT ACC COMM DEAF H""]","This paper examines the ways that disaster risk information and communication is received, shared, and acted upon by deaf-led organizations in Viet Nam, and the nature of deaf organizational participation in disaster risk reduction initiatives. Global indexes rank Viet Nam as the 6th highest country in exposure and vulnerability to extreme weather events. Viet Nam also demonstrates a high incidence of people with disabilities per capita, who are shown to have lower levels of participation in all social domains including public information and communication. Conducting language-centered original ethnographic research in six deaf organization sites in northern, central , and southern Viet Nam, this study engaged semi-structured interviews, group surveys, participant-generated disaster drawings and photographs, and participant observation to identify disaster communication and Disaster Risk Reduction (DRR) practices and challenges. Research findings identified: (i.) deaf people's access to DRR information and communication is extremely limited leading deaf-led organizations to mobilize their own disaster action; (ii.) deaf people have little-to-no access to DRR training , and available training does not reflect deaf culture or local sign languages; (iii.) deaf organizations attribute lack of access to disaster information and resources to government inattention to deaf community needs and contributions; (iv.) deaf organizations share a strong sense of responsibility to train and protect the broader deaf community. Foregrounding recommendations by deaf organization leaders, the paper advocates for establishing sustainable mechanisms for engaging deaf-led organizations in developing disaster communication, DRR training , and in disaster management.","Times Cited in Web of Science Core Collection:  6     Total Times Cited:  7     Cited Reference Count:  109 | RAYYAN-INCLUSION: {""Jingyu""=>""Included""} | RAYYAN-LABELS: core",10.1016/j.ijdrr.2021.102559,Deaf-led organizations;Disaster communication;Viet Nam;SIGN-LANGUAGE;PEOPLE;VULNERABILITY;PERSPECTIVES;EDUCATION;CAPACITY;JUSTICE;US,,
rayyan-461208551,It's Critical! - How Critical Disability Studies and Critical Disaster Studies Can Amplify Disabled Voices,2025,1.0,1.0,SCANDINAVIAN JOURNAL OF DISABILITY RESEARCH,,27.0,1.0,763-774,"Stjernholm, L",,,,"Lund Univ, Dept Design Sci, Box 118, S-22100 Lund, Sweden","This study explores how insights from critical disability studies and critical disaster studies can inform more inclusive approaches to disaster risk reduction (DRR). Although disability-inclusive DRR policies call for the involvement of disabled people, structural ableism and unequal power relations can limit participation. While critical disaster studies increasingly considers marginalized populations, disability perspectives remain overlooked. Drawing on co-creation workshops with disabled people's organizations and local stakeholders, the study examines how preparedness is shaped by social and institutional norms. It suggests that participatory co-creation may identify barriers and redistribute agency to disabled people in disaster preparedness. Findings advance theory and practice by moving beyond deficit-based frameworks and highlight three mechanisms for mitigating power asymmetries: (1) institutionalizing accessible co-decision-making, (2) embedding multi-modal communication as standard practice, and (3) recognizing disabled people's situated expertise. The study underscores the value of critically informed, participatory methods for effective crisis responses.","Times Cited in Web of Science Core Collection:  0     Total Times Cited:  0     Cited Reference Count:  35 | RAYYAN-INCLUSION: {""Jingyu""=>""Included""} | RAYYAN-LABELS: core",10.16993/sjdr.1298,disability;disaster risk reduction;co-creation;ableism;participatory methods,,
rayyan-461208560,The Role and Capacity of Disabled People's Organisations (DPOs) as Policy Advocates for Disability Inclusive DRR in Indonesia,2017,1.0,1.0,"DISASTER RISK REDUCTION IN INDONESIA: PROGRESS, CHALLENGES, AND ISSUES",,,,335-356,"Villeneuve, M and Robinson, A and Pertiwi, PP and Kilham, S and Llewellyn, G",,,,"[""Univ Sydney, Fac Hlth Sci, Camperdown, NSW, Australia"", ""Univ Sydney, Ctr Disabil Res & Policy, Camperdown, NSW, Australia"", ""Univ Sydney, WHO Collaborating Ctr Hlth Workforce Dev Rehabil, Camperdown, NSW, Australia"", ""Arbeiter Samariter Bund, Stuttgart, Germany"", ""Univ Technol Sydney, Ultimo, NSW, Australia""]","This chapter describes Disaster Risk Reduction (DRR) capacity building activities with disabled people's organizations (DPOs) in four hazard risk provinces in Indonesia. Established as part of an Australian Aid supported development research initiative, the project was implemented in the last years of the Hyogo Framework for Action by the Centre for Disability Research and Policy, University of Sydney and Arbeiter-Samariter-Bund Deutschland e.V, Indonesia and Philippines Office. As in other regions, participation in DRR by Indonesian DPOs was highly limited under the HFA. With the Sendai Framework for DRR (SFDRR) now recognizing persons with disabilities as key stakeholders, there is a need to broaden knowledge on the role of DPOs in DRR. While the United Nations Convention on the Rights of Persons with Disabilities (UNCRPD) refers to situations of risk, the related article has received little attention from DPOs due to multiple competing priorities. Similarly, DRR actors have rarely engaged with the disability sector. The SFDRR calls for greater collaboration between these two groups. This chapter outlines core features of the capacity building initiative and the impact of the programme on equipping Indonesian DPOs to engage within DRR. We describe how capacity building initiatives contributed to increased collaboration between disability and DRR actors, providing a practical model for supporting DPOs as policy advocates in other regions and countries. Disability-inclusive DRR recognizes the importance of collaboration to reduce and prevent risk. As the chapter illustrates, the resources to achieve this are far closer at hand than the DRR community previously thought.","Times Cited in Web of Science Core Collection:  9     Total Times Cited:  11     Cited Reference Count:  31 | RAYYAN-INCLUSION: {""Jingyu""=>""Included""} | RAYYAN-LABELS: core","[""10.1007/978-3-319-54466-3_13"", ""10.1007/978-3-319-54466-3""]",Disaster risk reduction;Disabled People's Organizations (DPOs);Inclusion;Capacity;Community development;Policy;Advocacy;Yogyakarta;Central Java;West Java,,
rayyan-461208608,Attitude before method: disability in vulnerability and capacity assessment.,2014,7.0,1.0,Disasters,1467-7717 (Electronic),38.0,3.0,465-82,Twigg J,https://pubmed.ncbi.nlm.nih.gov/24905706/,eng,,England,"Many agencies working on disaster risk reduction use vulnerability and capacity assessment (VCA) to identify vulnerable groups, to assess their needs and capacities, and to develop appropriate programmes and policies. In theory, VCA offers a good opportunity to incorporate disabled people's needs and resources in counter-disaster programming. This paper seeks to establish and explain the extent to which disability is included in VCA in practice. It reviews VCA reports and findings, formal VCA guidance, and other methodological literature. The review indicates that disability is a neglected issue in VCA practice and that manuals and guidelines, while promoting the general ideal of inclusiveness, are insufficiently aware of the challenges to achieving this in practice and do not offer enough guidance on how to reach and include disabled people. Ways of overcoming these problems are suggested. However, the real challenge may be to change core attitudes and perceptions of disability within implementing organisations.","RAYYAN-INCLUSION: {""Jingyu""=>""Included""} | RAYYAN-LABELS: core",10.1111/disa.12066,Attitude;*Persons with Disabilities;Disaster Planning/*methods;Humans;*Needs Assessment;Risk Management/*methods;*Vulnerable Populations,24905706.0,
rayyan-461208632,Applying a person-centred capability framework to inform targeted action on Disability Inclusive Disaster Risk Reduction,2021,1.0,1.0,INTERNATIONAL JOURNAL OF DISASTER RISK REDUCTION,,52.0,,,"Villeneuve, M and Abson, L and Pertiwi, P and Moss, M",,,,"[""Univ Sydney, Ctr Disabil Res & Policy, Sydney, NSW, Australia"", ""Queenslanders Disabil Network, Brisbane, Qld, Australia""]","In Australia, there are no nationally consistent standards to ensure the access and inclusion of people with disability in Disaster Risk Reduction (DRR). This research focused on raising awareness about Disability Inclusive DRR (DIDRR) as a cross-sector responsibility. The Sendai Framework advocates for people-centred preventative approaches to reducing disaster risk. Grounded in the Capability Approach, the Person-Centred Emergency Preparedness (PCEP) Framework was used in this study to direct attention to the opportunities and choices that people with disability have in emergency situations and the factors influence safety and well-being. We adapted the Structured Interview Matrix methodology to conduct seven multi-stakeholder consultations with 190 participants, including 66 people with disability in four Queensland communities. Qualitative data was analysed in two stages. First, inductive analysis was used to provide a rich, thematic description of the entire data set which gave voice to the multiplicity of perspectives. Second, the PCEP Framework was used deductively, to provide a more detailed understanding of the capabilities and support needs of people with disability in emergencies. Findings from this study enabled deep insight into the diversity and interrelatedness of factors that increase the vulnerability of people with disability and their support networks to disaster; offering new perspectives on why Australian's with disability are disproportionately affected by disaster. The Capability Approach is used to consider what is required for stakeholders to work together across sectors to increase the safety and resilience of people with disability to disaster.","Times Cited in Web of Science Core Collection:  30     Total Times Cited:  39     Cited Reference Count:  26 | RAYYAN-INCLUSION: {""Jingyu""=>""Included""} | RAYYAN-LABELS: core",10.1016/j.ijdrr.2020.101979,Capability approach;Disability;Community engagement;Collaboration;Emergency management;PEOPLE;HEALTH,,
rayyan-461208652,Silent no more: Identifying and breaking through the barriers that d/Deaf people face in responding to hazards and disasters,2021,4.0,15.0,INTERNATIONAL JOURNAL OF DISASTER RISK REDUCTION,,57.0,,,"Calgaro, E and Craig, N and Craig, L and Dominey-Howes, D and Allen, J",,,,"[""Univ Sydney, Sch Geosci, Asia Pacific Nat Hazards & Disaster Risk Res Grp, Sydney, NSW 2006, Australia"", ""Univ Sydney, Marie Bashir Inst Infect Dis & Biosecur, Sydney, NSW 2006, Australia"", ""Craigs Consultants Int, Valley Hts, NSW 2777, Australia""]","The Sendai Framework for Disaster Risk Reduction (2015-2030) mandates stronger inclusion of persons with disability in DRR. Yet pathways to achieving new targets for disability-inclusive disaster risk reduction (DiDRR) and their feasibility remain unclear and are under-researched. To redress this gap, we undertake a three-step longitudinal assessment that: (i) examines the challenges the d/Deaf community, a cultural and linguistic minority with an invisible disability, in New South Wales, Australia face in accessing the support they need to effectively respond to risk; (ii) presents a range of community-driven resilience-building solutions that derived from the research; and most critically (iii) follows the implementation and outcomes of key resilience building solutions over a 6-year period and the impact these 'system feedbacks' may have on future initiatives. Our findings show that the d/Deaf community's vulnerability and resilience levels are influenced by insufficient levels of human capital in the d/Deaf community and emergency services, limited and uneven access to social capital (most notably information in accessible forms) and unsupportive governance structures that inhibit access to resources and inclusion in DRR processes that erodes trust. But the greatest inhibitors to building resilience over time are: (i) the absence of funds and clear directives to support long term sustainable change; and (ii) failures in understanding, engaging with and overcoming deeply embedded cultural divides that exist within the d/Deaf community and between the d/Deaf and hearing worlds.","Times Cited in Web of Science Core Collection:  24     Total Times Cited:  29     Cited Reference Count:  94 | RAYYAN-INCLUSION: {""Jingyu""=>""Included""} | RAYYAN-LABELS: core",10.1016/j.ijdrr.2021.102156,d/Deaf;Vulnerability;Resilience;Marginalisation;Inclusion;Culture;HARD-OF-HEARING;VULNERABILITY;DEAF;DISABILITY;RISK;PERSPECTIVES;PREPAREDNESS;RESILIENCE;AUSTRALIA;FRAMEWORK,,
rayyan-461208664,Are local offices of emergency management prepared for people with disabilities? Results from the FEMA Region 9 Survey.,2021,1.0,1.0,"Journal of emergency management (Weston, Mass.)",1543-5865 (Print),19.0,1.0,7-20,Gershon RR and Muska MA and Zhi Q and Kraus LE,https://pubmed.ncbi.nlm.nih.gov/33735431/,eng,,United States,"OBJECTIVE: To assess disaster planning of local Offices of Emergency Management (OEM) with respect to people with disabilities (PWD). DESIGN: A cross-sectional study of local OEM from Federal Emergency Management Agency (FEMA) Region 9 (N = 61) was conducted using an internet-based survey. The primary outcome was the adoption of emergency management recommendations by the Department of Justice (DOJ) and FEMA in applying Title II of the Americans with Disabilities Act (ADA). RESULTS: OEM implementation of ADA requirements was generally suboptimal. While 63 percent reported that plans addressed the needs of PWD, only 41 percent reported detailed operating procedures for PWD. Training of staff to ensure that they were knowledgeable on the ADA requirements for inclusivity was rarely conducted. While accessible shelters and transportation were often identified, accessible communication strategies, including emergency notifications, were often lacking; only 28 percent of OEMs reported availability of sign language interpreters at shelters. Shelters often allowed service animal access (62 percent), but fewer allowed access to personal assistants (39 percent). Engagement of the disability community, from plan development to community drills, was uncommon. While more than half (59 percent) of OEM felt clear about their responsibilities in providing equal access to PWD, only 23 percent reported having qualified staff and other resources necessary in order to meet those responsibilities. Participants cited the need for more training on the ADA requirements in order to better meet the needs of PWD. CONCLUSION: Strategies for improvement to assure inclusiveness of PWD in all phases of emergency management are needed.","RAYYAN-INCLUSION: {""Jingyu""=>""Included""} | RAYYAN-LABELS: core",10.5055/jem.0506,Cross-Sectional Studies;*Persons with Disabilities;*Disaster Planning;Emergencies;Humans;Surveys and Questionnaires;United States,33735431.0,
rayyan-461208715,"Beyond tokenism, toward resilience: furthering a paradigmatic shift from intersecting narratives of disaster and disability realities in East Java, Indonesia",2024,1.0,1.0,Cogent Social Sciences,,10.0,1.0,,"Setijaningrum, E. and Kassim, A. and Soegiono, A.N. and Ariawantara, P.A.F.",https://www.scopus.com/inward/record.uri?eid=2-s2.0-85185462217&doi=10.1080%2F23311886.2024.2319376&partnerID=40&md5=c50814d591277471285de3762574fd89,,,,"The often-neglected intersection between disaster and disability in disaster management initiatives perpetuates a disproportionate impact on people with disabilities, reinforcing existing barriers and eroding overall resilience. Through an exploration of personal perspectives among 17 people with socially determined, self-identified disabilities amidst Indonesia’s disaster landscapes, we seek insights on amplified risks but also resilience pathways carved through cumulative exposures. Despite infrastructure barriers exacerbating disaster anxieties, there was resilience exhibited by people supporting one another through wisdom gained from repeated exposures, thus countering their exclusion. Findings also reveal societal forces sustaining unequal marginalization through stigma, yet unexpectedly cultivating solidarity as disability groups unite amid crises. Herein lies an appeal to leverage currently overlooked capabilities by meaningfully engaging disabled experts with lived experience navigating exclusion to guide context-driven strategies that fill gaps when systems fall short. We thus respond to calls for inclusive paradigms championing priority-setting participation of people with disabilities in directing equitable resilience initiatives benefitting all. Looking ahead, at the intersection of disability and disaster, the stage is set for more participatory efforts that embed disabled individuals as leaders to champion inclusion and social justice in the face of intensifying risks as more equitable communities are built. © 2024 The Author(s). Published by Informa UK Limited, trading as Taylor & Francis Group.","Export Date: 19 January 2026; Cited By: 4 | RAYYAN-INCLUSION: {""Jingyu""=>""Included""} | RAYYAN-LABELS: core",10.1080/23311886.2024.2319376,Disability Studies–Sociology;Disability-inclusive;disaster risk reduction strategies;Gävle;inclusive health;Komalsingh Rambaree;people with disabilities;reduce inequalities;Social Policy;Social Work and Criminology;Sweden;University of Gävle,,
rayyan-461208771,A cross-sectional survey of Australian service providers’ emergency preparedness capabilities,2024,1.0,1.0,Disability and Rehabilitation,,46.0,18.0,4276-4286,"Crapis, C. and Chang, K.-Y.J. and Villeneuve, M.",https://www.scopus.com/inward/record.uri?eid=2-s2.0-85174413603&doi=10.1080%2F09638288.2023.2270916&partnerID=40&md5=5a52a537568a87f2e730552dee71ac46,,,,"Purpose: Emergency and disaster management planning is an emerging role with limited practical guidance on how it should be implemented by community, disability, health and rehabilitation service providers. This study examined the emergency preparedness of service providers and how they viewed their role and contributions to disaster risk reduction, including their capacity and willingness to facilitate preparedness planning with their clients. Materials and Methods: A questionnaire was developed and administered nationally. Descriptive statistics, multivariate regression analyses, and thematic analysis of open-ended questions provide insight on the knowledge, tools and training needs of service providers to contribute to preparedness of themselves and the people they support. Results: Facilitating emergency preparedness with people with disability was strongly associated with a high level of mental preparedness, household preparedness scores, and completion of Person-Centred Emergency Preparedness (P-CEP) training. Perceived lack of funding, insufficient tools, and exclusion of emergency planning from job descriptions were negatively associated with facilitating emergency preparedness with clients. Conclusions: Study findings lay the groundwork for development of the role and capabilities of individual service providers including the need to equip disability, health and rehabilitation service providers with training and tools to prepare themselves and the people they support for emergencies. © 2023 The Author(s). Published by Informa UK Limited, trading as Taylor & Francis Group.","Export Date: 19 January 2026; Cited By: 2 | RAYYAN-INCLUSION: {""Jingyu""=>""Included""} | RAYYAN-LABELS: core",10.1080/09638288.2023.2270916,community-based service providers;Emergency preparedness;people with disability;survey;adult;Australia;civil defense;cross-sectional study;disabled person;disaster planning;female;health care personnel;health personnel attitude;human;male;middle aged;questionnaire;rehabilitation;Adult;Attitude of Health Personnel;Civil Defense;Cross-Sectional Studies;Disabled Persons;Disaster Planning;Female;Health Personnel;Humans;Male;Middle Aged;Surveys and Questionnaires,,
rayyan-461209007,Assessment of state- and territorial-level preparedness capacity for serving deaf and hard-of-hearing populations in disasters.,2014,3.0,1.0,"Public health reports (Washington, D.C. : 1974)",1468-2877 (Electronic),129.0,2.0,148-55,Ivey SL and Tseng W and Dahrouge D and Engelman A and Neuhauser L and Huang D and Gurung S,https://pubmed.ncbi.nlm.nih.gov/24587549/,eng,,United States,"OBJECTIVES: Substantial evidence exists that emergency preparedness and response efforts are not effectively reaching populations with functional and access needs, especially barriers related to literacy, language, culture, or disabilities. More than 36 million Americans are Deaf or hard of hearing (Deaf/HH). These groups experienced higher risks of injury, death, and property loss in recent disasters than the general public. We conducted a participatory research study to examine national recommendations on preparedness communication for the Deaf/HH. METHODS: We assessed whether previous recommendations regarding the Deaf/HH have been incorporated into state- and territorial-level emergency operations plans (EOPs), interviewed state- and territorial-level preparedness directors about capacity to serve the Deaf/HH, and proposed strategies to benefit Deaf/HH populations during emergencies. We analyzed 55 EOPs and 50 key informant (KI) interviews with state directors. RESULTS: Fifty-five percent of EOPs mentioned vulnerable populations; however, only 31% specifically mentioned Deaf/HH populations in their plan. Study findings indicated significant relationships among the following factors: a state-level KI's familiarity with communication issues for the Deaf/HH, making relay calls (i.e., calls to services to relay communication between Deaf and hearing people), and whether the KI's department provides trainings about serving Deaf/HH populations in emergencies. We found significant associations between a state's percentage of Deaf/HH individuals and a KI's familiarity with Deaf/HH communication issues and provision by government of any disability services to Deaf/HH populations in emergencies. Further, we found significant relationships between KIs attending training on serving the Deaf/HH and familiarity with Deaf/HH communication issues, including how to make relay calls. CONCLUSION: This study provides new knowledge that can help emergency agencies improve their preparedness training, planning, and capacity to serve Deaf/HH populations in emergencies.","RAYYAN-INCLUSION: {""Jingyu""=>""Included""} | RAYYAN-LABELS: core",10.1177/003335491412900208,*Communication Barriers;Disaster Planning/methods/*standards;*Emergency Medical Services/organization & administration/standards;Health Personnel/education/standards;Health Services Accessibility/*standards;Humans;Information Dissemination/methods;*Persons with Hearing Disabilities;*Rescue Work/methods/standards;United States;Workforce,24587549.0,PMC3904894
rayyan-461209014,Bridging the divide: understanding collaborative action in disability-inclusive disaster risk reduction through socio-cultural activity theory,2022,1.0,1.0,Disaster Prevention and Management,,31.0,2.0,166-174,"Pertiwi, P.P.",https://www.scopus.com/inward/record.uri?eid=2-s2.0-85122816066&doi=10.1108%2FDPM-04-2021-0119&partnerID=40&md5=c89c91c9ce82fa97caa2e6f2f77a7370,,,,"Purpose: This paper presents a methodological reflection on the use of socio-cultural activity theory (SCAT) as a framework to understand collaborative action and problem-solving between people with disabilities and non-disabled stakeholders in three disaster risk reduction (DRR) initiatives led by Disabled People's Organisations (DPOs) in Indonesia. Design/methodology/approach: This paper is based on case study research, using a multiple case design. It looks at the conception and implementation of three DPO-led DRR projects in Indonesia. It focuses hereby on the processes and outcomes of collaborations between DPOs and non-disabled stakeholders. It presents a reflection as to what extent the six elements of SCAT were present. Findings: The investigation of SCAT's six elements captured the co-construction of DPO-led DRR projects and constant changes and transformation in implementation. The findings reveal the dynamics of the collaboration between DPOs and non-disabled stakeholders (e.g. funding donors, DRR experts, government and community groups) and its outcomes and learning points. Practical implications: SCAT can provide a better understanding of collaborative learning processes and associated outcomes between DPOs and DRR actors. Such collaborations facilitate the timely and relevant inclusion of people with disabilities in DRR initiatives through DPOs' leadership in DRR. Furthermore, such initiatives can promote the realisation of the disability-inclusion principle of the Sendai Framework for DRR, which is underpinned by the all-of-society approach to DRR. Originality/value: This paper presents a reflection on the use of SCAT in inclusive disaster studies, thereby enabling further investigation and understanding of how the collaboration between disabled and non-disabled stakeholders occurs, and its implication. This is a topic that has been rarely tackled in the disability and disaster studies literature and practice. © 2022, Emerald Publishing Limited.","Export Date: 19 January 2026; Cited By: 2 | RAYYAN-INCLUSION: {""Jingyu""=>""Included""} | RAYYAN-LABELS: core",10.1108/DPM-04-2021-0119,Collaboration;Disabled People's Organisations;DRR;Indonesia;Socio-cultural activity theory,,
rayyan-461209117,Climate change and health: The day for tomorrow✰,2021,1.0,1.0,Journal of Climate Change and Health,,4.0,,,"Alexander, M.",https://www.scopus.com/inward/record.uri?eid=2-s2.0-85150946203&doi=10.1016%2Fj.joclim.2021.100062&partnerID=40&md5=f42a8ef95abed58915531bd7ff88f3e7,,,,,"Export Date: 19 January 2026; Cited By: 5 | RAYYAN-INCLUSION: {""Jingyu""=>""Included""} | RAYYAN-LABELS: core,background review",10.1016/j.joclim.2021.100062,Climate and health;Climate change;Climate crisis;Disability;Education;Rehabilitation,,
rayyan-461209151,Human agency in disaster risk reduction: theoretical foundations and empirical evidence from people with disabilities,2021,1.0,1.0,Environmental Hazards,,20.0,5.0,514-532,"Ton, K.T. and Gaillard, J.C. and Adamson, C. and Akgungor, C. and Ho, H.T.",https://www.scopus.com/inward/record.uri?eid=2-s2.0-85101233839&doi=10.1080%2F17477891.2021.1887798&partnerID=40&md5=eee807b1c69b55c24a571949b7bbc1f2,,,,"To date, the agency of people with disabilities has seldom been elaborated theoretically and empirically in disaster research. Drawing on the capability approach, this paper examines the agency of people with disabilities to deal with disasters. Their agency is explored in relation to their participation in decision-making processes which has long regarded as a means to disaster risk reduction. A case study design with the use of focus group discussions and interviews was adopted in this study. A rural commune in Vietnam was selected as a case study context. The study found that, in most cases, people with disabilities need to participate in decision-making processes in order to achieve their valuable capabilities for their safety in times of disaster. This process of participation can be seen as both an end and a means. As an end, it refers to involvement in decision-making processes. As a means, it is viewed as a process in which people with disabilities individually or collectively exert their agency (i.e. raising their voice, influencing the decision-making and transforming the decisions into actions). For participation as a means to be achieved, however, participation as an end must be secured. © 2021 Informa UK Limited, trading as Taylor & Francis Group.","Export Date: 19 January 2026; Cited By: 11 | RAYYAN-INCLUSION: {""Jingyu""=>""Included""} | RAYYAN-LABELS: core,Important",10.1080/17477891.2021.1887798,capability approach;Human agency;participation;people with disabilities;power;decision making;disability;disaster management;empirical analysis;local participation;risk assessment;theoretical study;Viet Nam,,
rayyan-461209157,How does government discourse make people vulnerable?,2020,1.0,1.0,Disaster Prevention and Management,,29.0,5.0,697-710,"Tagalo, R.D.",https://www.scopus.com/inward/record.uri?eid=2-s2.0-85091366862&doi=10.1108%2FDPM-07-2020-0225&partnerID=40&md5=19c65ddccb0a71768f39f8840bdf9ce1,,,,"Purpose: This paper develops a model of social vulnerability. Specifically, it aims to (1) determine the factors of social vulnerability to flood risks and (2) interrogate the discursive structure and framing of vulnerability within the local domain of disaster governance. Design/methodology/approach: This is a descriptive-survey research design mobilized through sequential exploratory mixed method. Findings: For ordinary people, vulnerability is due to five factors: (1) government inaction, (2) age-based frailty, (3) disability-based social exclusion, (4) weak social capital and (5) material susceptibility. Moreover, there are two patterns of discursive structure surrounding the risk of flooding in Davao del Norte: (1) where Cavendish banana is a favored export commodity of those who are in power, the Pressure-and-Release Model fits within the narrative of land-use changes in the province, and (2) where the local domain of disaster governance frames the DRR as a “hero-villain” normative duality. Practical implications: At the policy level, the findings should inform the current government practices in development planning to mitigate flood risks, specifically the proposed Philippine National Land-use Act and the pending Bill to create the Philippine Disaster Risk Reduction and Management (DRRM) Department. Operationally, the “hero-villain” finding challenges the self-awareness of disaster managers and functionaries whose technical trainings inculcated a one-size-fits-all approach to disaster response. Social implications: The findings support the theory that disaster and disaster risks are socially constructed realities. Originality/value: This paper teased out the gap between the people's risks perceptions in Davao del Norte and the government's DRR episteme, and it points to power relations that impede its closing. © 2020, Emerald Publishing Limited.","Export Date: 19 January 2026; Cited By: 7 | RAYYAN-INCLUSION: {""Jingyu""=>""Included""} | RAYYAN-LABELS: core",10.1108/DPM-07-2020-0225,Disaster risk reduction;Discourse analysis;Factor analysis;Social vulnerability,,
rayyan-461209204,Disaster experiences of women with disabilities: Barriers and opportunities for disability inclusive disaster risk reduction in Cambodia,2020,1.0,1.0,Global Environmental Change,,64.0,,,"Gartrell, A. and Calgaro, E. and Goddard, G. and Saorath, N.",https://www.scopus.com/inward/record.uri?eid=2-s2.0-85089002370&doi=10.1016%2Fj.gloenvcha.2020.102134&partnerID=40&md5=3bf415583813d135bb65461f3a71c70d,,,,"Despite increased international commitment to disability-inclusive disaster risk reduction (DiDRR) people with disabilities remain largely unseen, unheard and unaccounted for in DRR processes and planning. This is most marked amongst women with disabilities who experience specific gender, disability and poverty-based disadvantages, which disasters exacerbate. Our research found that women with disabilities are disproportionally impacted by disasters and are the least able to access institutional support across the preparedness, response and recovery phases of disaster events. Furthermore, the increased threat of violence following disasters heightens their risk of additional harm. In the absence of formal supports women with disabilities have few choices but to rely upon the social capital of their households and neighbours for assistance. They ‘recover’ in whatever ways they can – through short-term loans, reduced food consumption and/or migration – each carry significant costs to their longer-term resilience. This paper unpacks the root causes of women with disabilities’ marginalisation in disaster contexts, many of which are extensions of exclusionary processes that play out in their daily lives. We also present steps to position women at the centre of DRR discourse, which will benefit all. © 2020 Elsevier Ltd","Export Date: 19 January 2026; Cited By: 43 | RAYYAN-INCLUSION: {""Jingyu""=>""Included""} | RAYYAN-LABELS: core",10.1016/j.gloenvcha.2020.102134,Disability;Disasters;Inclusion;Resilience;Vulnerability;Women;disability;disaster;disaster management;food consumption;marginalization;risk assessment;social capital;womens health;Cambodia,,
rayyan-461209221,Disability representation in Indonesian disaster risk reduction regulatory frameworks,2020,1.0,1.0,International Journal of Disaster Risk Reduction,,45.0,,,"Pertiwi, P. and Llewellyn, G. and Villeneuve, M.",https://www.scopus.com/inward/record.uri?eid=2-s2.0-85077386560&doi=10.1016%2Fj.ijdrr.2019.101454&partnerID=40&md5=7a8adac0f87ea0b8f7451a55013a2090,,,,The Sendai Framework for Disaster Risk Reduction (Sendai Framework) sparked a global shift towards requiring active and meaningful participation of persons with disabilities in Disaster Risk Reduction (DRR). The aim of this paper was to examine the extent of inclusion of disability and representation of persons with disabilities in Indonesian national DRR laws to determine whether Indonesia's current regulatory frameworks align with the commitment to disability espoused in the Sendai Framework. Over 180 disaster management laws were identified from the period of 1945–2018 from Indonesia's Disaster Management Agency website and one research study. Sixteen documents met the following inclusion criteria: (a) focusing on national level DRR and (b) directly mentioning disability. Content analysis of these laws demonstrated that disability is included as one element of social vulnerability. Persons with disabilities were frequently referred to as a “vulnerable group” or one of many “vulnerable groups” in higher level laws. Recognition of the active contribution of persons with disabilities to DRR was only evident in recent lower level laws. To enhance the implementation of the Sendai Framework in Indonesia requires updating Indonesia's higher level laws to align with the United Nations Convention on the Rights of Persons with Disabilities (UNCRPD) and would aided by the development of technical guidelines on implementation of disability-inclusive DRR. © 2020 Elsevier Ltd,"Export Date: 19 January 2026; Cited By: 17 | RAYYAN-INCLUSION: {""Jingyu""=>""Included""} | RAYYAN-LABELS: core",10.1016/j.ijdrr.2019.101454,Disability terminology;DRR;Indonesia;Laws;Representation,,
rayyan-461209228,Five Years Later: Assessing the Implementation of the Four Priorities of the Sendai Framework for Inclusion of People with Disabilities,2020,1.0,1.0,International Journal of Disaster Risk Science,,11.0,2.0,155-166,"Bennett-Gayle, D.D.",https://www.scopus.com/inward/record.uri?eid=2-s2.0-85083778688&doi=10.1007%2Fs13753-020-00267-w&partnerID=40&md5=fb0be9f6d0bf73b51f048a6036f84b70,,,,"Efforts to reduce disaster risk around the world should purposefully consider the needs of potentially vulnerable populations, including people with disabilities. The Sendai Framework for Disaster Risk Reduction 2015–2030 (SFDRR) is one of the few global disaster-related frameworks with a focus on people with disabilities. The objective of this article is to assess the inclusion of people with disabilities in disaster risk reduction strategies worldwide since the establishment of SFDRR as gleaned from research. Several studies were reviewed to observe how the four priorities were implemented and operationalized in various countries to reduce the risk for people with disabilities. Findings indicate that initial applications of the SFDRR have compelled purposeful actions, but there is still room for improvement regarding people with disabilities. The results conclude that slight variations on the definitions of disaster or disability may increase marginalization. Three key themes emerged: (1) the intersectionality of disability with other dimensions of vulnerability warrants focused consideration; (2) enhanced disaster preparedness requires more attention in order to empower people with disabilities; and (3) negative cultural attitudes need to shift to enable purposeful inclusion of people with disabilities. Additional studies on the global investments made are encouraged to share lessons learned regarding the integration of people with disabilities. © 2020, The Author(s).","Export Date: 19 January 2026; Cited By: 47 | RAYYAN-INCLUSION: {""Jingyu""=>""Included""} | RAYYAN-LABELS: core",10.1007/s13753-020-00267-w,Disaster resilience;Intersecting vulnerabilities;People with disabilities;Risk reduction;Sendai Framework;cultural relations;disability;disaster management;empowerment;implementation process;marginalization;prioritization;risk assessment;vulnerability,,
rayyan-461209249,Implementing the Sendai Framework for disaster risk reduction 2015–2030: Disaster governance strategies for persons with disabilities in Taiwan,2019,1.0,1.0,International Journal of Disaster Risk Reduction,,41.0,,,"Lee, H.-C. and Chen, H.",https://www.scopus.com/inward/record.uri?eid=2-s2.0-85071725697&doi=10.1016%2Fj.ijdrr.2019.101284&partnerID=40&md5=f9c4f21290171e4c029a61ed9f3f3719,,,,"This study examined how to effectively implement the Sendai Framework for Disaster Risk Reduction 2015–2030 by inspecting disaster governance strategies for persons with disabilities in Taiwan. We identified priorities of the Sendai Framework that especially mention persons with disabilities or related stakeholders, including Priorities 24(a), 24(g), 24(h), 27(g), 27(h), 30(j), 30(k), 33(b), and 33(i). A set of questions was designed according to these priorities and distributed to all central ministries, agencies, and local governments related to disaster governance in Taiwan. The results showed that strategies currently cover the issues of evacuation, shelter operation, facility operation for persons with disabilities, electricity backup during emergency, strategies for schools, and disaster recovery and reconstruction. We found that the present disaster governance strategies for persons with disabilities in Taiwan are focused on the preparedness and emergency response phases, and most strategies utilize a top-down approach. Based on these findings, we suggest the development of more strategies for the recovery and reconstruction phases and the incorporation of bottom-up mechanisms such as stakeholder participation, dialogue and cooperation, coordination forums, empowerment, and consultation with stakeholders, as discussed in Priorities 24(h), 27(g), 30(j), and 33(i) of the Sendai Framework. © 2019 Elsevier Ltd","Export Date: 19 January 2026; Cited By: 15 | RAYYAN-INCLUSION: {""Jingyu""=>""Included""} | RAYYAN-LABELS: core",10.1016/j.ijdrr.2019.101284,Disability;Disaster governance;Sendai framework;Stakeholder,,
rayyan-461209250,People with disabilities as key actors in community-based disaster risk reduction,2019,1.0,1.0,Disability and Society,,34.0,9.0,1419-1444,"Pertiwi, P. and Llewellyn, G. and Villeneuve, M.",https://www.scopus.com/inward/record.uri?eid=2-s2.0-85063994166&doi=10.1080%2F09687599.2019.1584092&partnerID=40&md5=ae7cb3d50dc6f7e3d217f6951820964d,,,,"People with disabilities and their representative organisations are recognised by the Sendai Framework for Disaster Risk Reduction as key contributing stakeholders in disaster resilience-building at the community level. What might be the role and contribution of disabled people’s organisations (DPOs) in realising the right of people with disabilities to be protected in disaster situations? This article reports findings from a research project utilising a multiple case-study research design to examine the implementation of three disability-inclusive disaster preparedness projects led by DPOs in Indonesia. Findings show that the DPOs successfully led disaster preparedness initiatives within their local communities and were instrumental in contributing to collective community-based disaster risk reduction efforts, despite structural barriers that constrained their efforts. The findings suggest pathways to more effectively advance disability-inclusive disaster risk reduction through DPO-led initiatives; giving due consideration to ensuring adequate DPO resources and capacities; and engagement with mainstream stakeholders. © 2019, © 2019 Informa UK Limited, trading as Taylor & Francis Group.","Export Date: 19 January 2026; Cited By: 46 | RAYYAN-INCLUSION: {""Jingyu""=>""Included""} | RAYYAN-LABELS: core",10.1080/09687599.2019.1584092,cross-sector collaboration;disability-inclusive disaster risk reduction;Disabled people’s organisation;Indonesia;multiple case study;socio-cultural activity theory,,
rayyan-461209251,"Experiences of people with physical disabilities before, during, and after tropical cyclones in Queensland, Australia",2019,1.0,1.0,International Journal of Disaster Risk Reduction,,39.0,,,"Quaill, J. and Barker, R.N. and West, C.",https://www.scopus.com/inward/record.uri?eid=2-s2.0-85063744248&doi=10.1016%2Fj.ijdrr.2019.101122&partnerID=40&md5=fbb070631c53f6bc51a6ecac2325fad1,,,,"This study investigated experiences of people with physical disabilities in recent severe cyclones affecting Queensland, Australia. The aim was to explore factors that influence the capacity of people with physical disabilities to prepare, evacuate, and recover from cyclone events, to inform disability inclusive disaster risk reduction activities. A qualitative study consisting of semi-structured interviews was conducted with twenty people with physical disabilities who had experienced a recent severe tropical cyclone in northern Queensland, Australia. Thematic analysis using an inductive approach was used to interpret interview findings. The study demonstrated that the interaction between the health condition and key environmental factors (cyclone impact, logistical support, and psychosocial support) and personal factors that mediate those environmental factors (readiness, managing one's own health, financial autonomy, and personal resilience) influenced the capacity of people with physical disabilities to manage their wellbeing before, during, and after cyclone events. Disability inclusive disaster risk reduction strategies need to focus on strengthening key environmental and personal factors that have a fluctuating influence on each individual's ability to manage their wellbeing at the different time points over the course of a cyclone event. Hence, people with physical disabilities and their supports need to be actively involved in disaster planning and implementation to minimise vulnerability and optimise resilience for this population during cyclones. © 2019 Elsevier Ltd","Export Date: 19 January 2026; Cited By: 24 | RAYYAN-INCLUSION: {""Jingyu""=>""Included""} | RAYYAN-LABELS: core | USER-NOTES: {""Jingyu""=>[""Not climate change related event, just natural climate""]}",10.1016/j.ijdrr.2019.101122,Disaster;Disaster risk reduction;Lived experience;Physical disability,,
rayyan-461209300,Disability and disaster risk reduction as an incongruent matrix: Lessons from rural Zimbabwe,2019,1.0,1.0,Jamba: Journal of Disaster Risk Studies,,11.0,1.0,1-7,"Lunga, W. and Bongo, P.P. and Van Niekerk, D. and Musarurwa, C.",https://www.scopus.com/inward/record.uri?eid=2-s2.0-85110726218&doi=10.4102%2FJAMBA.V11I1.648&partnerID=40&md5=0c637852660ed5d3062991d94648f5c0,,,,"The policy thrust of disaster risk reduction initiatives is in many instances tailored towards able-bodied people. This is at the expense of those challenged in many facets such as physically, mentally and other forms of disability. The suggestion for disability to be mainstreamed into disaster risk reduction initiatives has been made imperative by the late shift in hazard and disaster thinking at local, national and international levels. The increasing intensity and frequency of weather-related hazards and disasters, driven by climate change, has provided fertile ground on which mainstreaming ideas and policies have proved to be incongruent. This research paper focuses on two key topics in the disaster science field: pre-disaster risk reduction planning and post-disaster emergency response activities. It is based on experiences from disaster risk reduction projects in Bulilima and Mangwe districts in southern Zimbabwe between 2006 and 2014. A qualitative research methodology was employed, and data were collected using in-depth personal interviews, observations and focus group discussions. Both able-bodied people and people living with disabilities (PWDs) were part of the study. Main findings show that PWDs were not included in the formulation of disaster risk reduction measures. Other important findings were the variable nature of how people define or view disability, and even believe that disability has a purpose. Most of the so-called normal people lack the understanding of what constitutes a disaster to such an extent that even disability is regarded as a disaster. The paper unravels the need to have a relook that would bring PWDs into the centre of civil protection decision-making and policy formulation in Zimbabwe. © 2019. The Authors. Licensee: AOSIS. This work is licensed under the Creative Commons Attribution License.","Export Date: 19 January 2026; Cited By: 18 | RAYYAN-INCLUSION: {""Jingyu""=>""Included""} | RAYYAN-LABELS: core",10.4102/JAMBA.V11I1.648,disability;disaster;disaster risk reduction;vulnerability;Zimbabwe,,
rayyan-461209403,Perspectives of the UST NSTP facilitators on disability and disaster risk reduction and management: A qualitative case study,2016,1.0,1.0,International Journal of Disaster Risk Reduction,,16.0,,134-141,"Sagun-Ongtangco, K.S. and Abenir, M.A.D. and Bermejo, C.T. and Shih, E.D.C. and Wales, J.V.O. and Plaza, J.",https://www.scopus.com/inward/record.uri?eid=2-s2.0-84960087669&doi=10.1016%2Fj.ijdrr.2015.11.002&partnerID=40&md5=580842a81912da4f5f8838972f255f30,,,,"With the growing global concern on disaster, disaster risk reduction and management (DRRM) has become part and parcel of the school curricula. In the Philippines, integration of the DRRM in the school curricula is done through the National Service Training Program (NSTP) but review of literature suggests that most DRRM efforts are not disability-inclusive. Hence, this study examines the perspectives of the University of Santo Tomas (UST) NSTP facilitators on disability, their experience in teaching DRRM and their insights in making the DRRM module disability-inclusive. Using a case study as a research design and focus groups as a means of gathering data, this research is able to generate important insights based on the perspectives of the participants. Findings reveal that making DRRM disability-inclusive remains a challenge and is further confounded by factors relating to student, curriculum, facilitator and community issues. However, hope remains for feasible and concrete ways in making the UST-NSTP DRRM module disability inclusive. This study contributes in enriching the literature on how the UST-NSTP program can truly imbibe disability inclusiveness in its mandate to integrate DRRM in the school curriculum. © 2016 Elsevier Ltd.","Export Date: 19 January 2026; Cited By: 3 | RAYYAN-INCLUSION: {""Jingyu""=>""Included""} | RAYYAN-LABELS: core",10.1016/j.ijdrr.2015.11.002,Disability;Disability-inclusive;Disaster risk reduction and management;National service training program;Philippines,,
rayyan-461209430,Where is disability in disaster management in India?,2015,1.0,1.0,,,,,39-48,"Hiranandani, H.",https://www.scopus.com/inward/record.uri?eid=2-s2.0-84943173766&doi=10.1007%2F978-81-322-2373-3_4&partnerID=40&md5=87eea5306b1fd36b2ea3bfe6a7f44a3d,,,,"As disasters increase in frequency and intensity, evidence suggests that people with disabilities are among the most excluded and marginalised from both immediate interventions and longer-term recovery or rehabilitation programmes. Disasters and conflicts often result in injuries and permanent impairments, creating a new generation of persons with disabilities with diverse rehabilitation needs. Yet, disability issues have been under-reported and have received sparse attention in the discourse, research, practice and policies in disaster management. This chapter draws from a larger study that reviewed existing research, policy and practice documents of government and nongovernment organisations in Canada, India and the USA to understand the ways in which disability has been addressed or overlooked in crisis situations in the three countries. Focusing on India, this chapter investigates whether disability is included in policy, practice and training and education about disaster management. It attempts to identify gaps that need to be bridged to ensure disability-inclusive disaster management. Drawing from disability studies and the social model of disability, the chapter contests the dominant conceptualisation of people with disabilities in disaster management as a ‘vulnerable group’ or ‘special population’ with ‘special needs’. The social dimension of vulnerability in the form of disabling structural and environmental barriers and societal attitudes that people with disabilities face is emphasised. The study strongly recommends that disaster management in India can benefit from the participation of people with disabilities in all phases, given their expertise, skills and daily experiences in negotiating uncertain and difficult terrain. © Springer India 2015.","Export Date: 19 January 2026; Cited By: 0 | RAYYAN-INCLUSION: {""Jingyu""=>""Included""} | RAYYAN-LABELS: core",10.1007/978-81-322-2373-3_4,Disability;Disaster management;Disaster risk reduction;India;Vulnerability,,
rayyan-461209431,Deficiency of disability issue in disaster risk reduction strategy: Implications on human security and social cohesion,2015,1.0,1.0,,,,,111-119,"Islam, M.S.",https://www.scopus.com/inward/record.uri?eid=2-s2.0-84943145759&doi=10.1007%2F978-81-322-1976-7_8&partnerID=40&md5=dd27b9250a6abe0b18a086ccd6f30207,,,,"Disaster impacts disproportionately to persons with disability (PWD) compared to able persons and its significant prevalence in least developed countries (LDCs) is a prominent barrier to human security and social cohesion. Disasters also results into new PWDs adding fresh requirements of their rehabilitation, socio-economic reintegration and further strain on human security and social cohesion. This vicious cycle can only be addressed by incorporating special provisions and resources in the disaster risk reduction (DRR) strategy and relevant policies. Though Bangladesh has developed a well-integrated disaster management capacity, but the issues of PWDs are not adequately addressed in the DRR strategy and implementation plan. This hinders poverty reduction, human security and social cohesion. © Springer India 2015.","Export Date: 19 January 2026; Cited By: 6 | RAYYAN-INCLUSION: {""Jingyu""=>""Included""} | RAYYAN-LABELS: core",10.1007/978-81-322-1976-7_8,DRR strategy;Human security;Natural and man-made disaster;Poverty reduction;Social cohesion,,
rayyan-500197707,An Empirical Exploration of the Capabilities of People with Disabilities in Coping with Disasters,2020,10.0,1.0,International Journal of Disaster Risk Science,2192-6395,11.0,5.0,602-614,"Ton, Khanh That and Gaillard, J. C. and Adamson, Carole and Akgungor, Caglar and Ho, Ha Thanh",https://doi.org/10.1007/s13753-020-00287-6,,,,"While the capability approach is increasingly being adopted for evaluating well-being and social justice in the field of human development, this approach in disaster research has remained scarce. This research thus seeks to address the disaster risk that humans face through a lens of capabilities, with a focus on the lives of people with disabilities. A multi-case study approach was adopted and two rural communes in Vietnam were selected as study contexts. Data were collected using focus group discussions and interviews that involved people with disabilities, parents/caregivers of people with intellectual/psychosocial disabilities, and representatives from related organizations. It was found that people with disabilities are affected by disasters due to the lack of capabilities that they value in coping with disasters. A range of capabilities that people with disabilities value was revealed in the study sites, with many being valued not only in times of disasters but also in daily life. The findings also highlight that, to actualize their valued capabilities, people with disabilities need access not only to resources but also to the factors that enable them to convert the resources to their valued capabilities. In most cases, the limitations to the achievement of capabilities are related to the external environment.","RAYYAN-INCLUSION: {""Jingyu""=>""Included""} | RAYYAN-LABELS: core,Second added",10.1007/s13753-020-00287-6,,,
rayyan-518031396,Rehabilitation medicine professionals' views on climate change and health,2023,1.0,1.0,Journal of the International Society of Physical and Rehabilitation Medicine,,6.0,4.0,90-95,"Campbell, E. and Alexander, M. and Kotcher, J. and Maibach, E.",https://www.scopus.com/inward/record.uri?eid=2-s2.0-85193412321&doi=10.1097%2Fph9.0000000000000017&partnerID=40&md5=19c92effc927b23d8a6899a8d475109f,,,,"Background: Climate change is already harming human health, both directly and indirectly. Physical and rehabilitation medicine professionals are at the frontlines of addressing climate change and health, as their patients are particularly vulnerable to these health harms. It is, therefore, important to understand how these health professionals understand the connection between climate and health and what resources they need to engage with the issue. Methods: We surveyed the members of 2 medical societies - the Association of Academic Physiatrists and the International Society of Physical and Rehabilitation Medicine - to assess their climate beliefs and attitudes, understanding of climate change's present and future health harms, the barriers they perceive to engagement with the issue, and the types of resources they would find helpful. Results: We found that health professionals in the field of rehabilitation medicine understand that climate change impacts human health and think actions should be taken; however, they also perceive barriers to their own involvement in educating the public and policymakers about climate and health and believe there are more urgent health issues in the region where they practice. Conclusion: Our findings suggest that health professionals in the field of rehabilitation medicine are convinced of the realities of climate change and its relationship to their profession. Further, although many in this field do perceive other health issues to be more urgent in their regions of practice, there are opportunities to provide resources and support to those who are ready to engage directly with climate change and health. © © 2023 The Authors.","Export Date: 19 January 2026; Cited By: 5 | RAYYAN-INCLUSION: {""Jingyu""=>""Included""} | RAYYAN-LABELS: core",10.1097/ph9.0000000000000017,advocacy;Climate change;disabilities;education;human health;physiatry;rehabilitation medicine,,
rayyan-518031413,Addressing mental health and wellbeing in the context of climate change: Examples of interventions to inform future practice,2022,1.0,1.0,Intervention,,20.0,1.0,107-113,"Eaton, J. and Nwefoh, E. and Duncan, J. and Sangare, O. and Weekes, Y. and Adams, B.",https://www.scopus.com/inward/record.uri?eid=2-s2.0-85131673446&doi=10.4103%2Fintv.intv_35_21&partnerID=40&md5=c496853baddfe4d696b1d9f21df1e0e9,,,,"Climate change is now recognised as contributing to an increasing number of emergencies globally, which are having substantial effects on mental health and wellbeing of affected populations. In this report, we give case studies of mental health and psychosocial support (MHPSS) activities linked to climate change-related emergencies in Bangladesh, Burkina Faso, Madagascar, Nigeria, Sierra Leone and Zimbabwe. The emergencies range from floods and cyclones to drought and food scarcity, often in complex humanitarian settings including conflict affected regions. A range of activities, based on the Inter-Agency Standing Committee Guidelines for MHPSS in emergency settings, are discussed, many of which also focus on inclusion of people with disabilities. These include preparedness and resilience building as well as responses such as provision of basic needs, strengthening community capacity to provide psychosocial support and mental health system strengthening. We conclude that meeting basic needs is an essential prerequisite to address mental distress, that MHPSS is an essential component of any climate change-related response, that advance preparedness and adaptation is a good investment, and that meaningful participation of people in the global South, particularly marginalised communities such as people with disabilities and the very poor, is essential for the transformative change needed in addressing climate change. © 2022 Lippincott Williams and Wilkins. All rights reserved.","Export Date: 19 January 2026; Cited By: 9 | RAYYAN-INCLUSION: {""Jingyu""=>""Included""} | RAYYAN-LABELS: core",10.4103/intv.intv_35_21,adaptation;climate change;disability inclusion;mental health;psychosocial support,,
rayyan-518031516,What difference does disaster risk reduction make? Insights from Vanuatu and tropical cyclone Pam,2020,1.0,1.0,Regional Environmental Change,,20.0,1.0,,"Webb, J.",https://www.scopus.com/inward/record.uri?eid=2-s2.0-85079705502&doi=10.1007%2Fs10113-020-01584-y&partnerID=40&md5=f4656e9ccd48be3ddd2f56bcbc1e2dc1,,,,"Donors, governments, non-government organisations and humanitarian agencies are increasingly investing in disaster risk reduction (DRR) but there is limited understanding of the outcomes of these investments at community and household levels. This paper presents empirical data from nine communities across three islands in Vanuatu that experienced a direct hit from category 5 tropical cyclone Pam in 2015. The research compared the actions taken by communities that had engaged in a mid- to long-term DRR program with those that had not. The DRR program prioritised disability inclusion and women’s participation in, and leadership of, the community. Early warnings were widely heard across all communities but the communities that had engaged with the DRR program had greater understanding of, and trust in, the early warnings. They took earlier and more coordinated action and were safer during the cyclone. Compared with their past experiences, there was increased respect for women’s voices and roles, women and men collaborated more, and people with disability were supported by the whole community. The research concludes that tropical cyclone early warnings are necessary but not sufficient to ensure there is community and household preparation. There is a strong case for investments in mid- to long-term DRR focused on community and household capacity, prioritising women’s active and equal participation as community leaders, and disability inclusion. © 2020, Springer-Verlag GmbH Germany, part of Springer Nature.","Export Date: 19 January 2026; Cited By: 15 | RAYYAN-INCLUSION: {""Jingyu""=>""Included""} | RAYYAN-LABELS: core",10.1007/s10113-020-01584-y,Climate change adaptation;Cyclone Pam;Disaster risk reduction;Gender;Resilience;Vanuatu,,
rayyan-519178855,"Analysis of Health, Disability, Gender and Disaster Risk Reduction Policies in Nepal using a Human Rights-based Approach",2023,1.0,1.0,"Disability, CBR and Inclusive Development",,34.0,3.0,11-29,"Devkota, H.R. and Sharma, M. and Sharma, C.",https://www.scopus.com/inward/record.uri?eid=2-s2.0-85184435244&doi=10.20372%2Fdcidj.651&partnerID=40&md5=c3ee11d29247ae8fbbda52d49e140787,,,,"Purpose: This study assessed the extent to which the issues of vulnerable groups, such as persons with disabilities, women and girls, are incorporated in line with human rights principles in the key policies related to health, disability, gender, and disaster risk reduction in Nepal. Method: A content analysis was carried out using EquiFrame, which analyses policies for the inclusion of vulnerable groups based on the Core Concepts of Human Rights. Fifteen policies were analysed regarding the quality and frequency with which persons with disabilities, women, and girls were included in the documents. Results: Nepal’s health policy (n=4) covered 52% of the Human Rights Core Concepts, while policies on disability (n=3), gender (n=2), and DRR (n=6) covered 46%. The overall qualities of those policies were ranked significantly low, with quality index ranging from 8-28. Conclusion: The policies inadequately incorporated human rights principles for the inclusion of disability and gender, and were ranked low quality in addressing their health needs and rights. To enhance social inclusion and promote equity in health, it is suggested that the human rights approach guided by EquiFrame be followed while developing policies. © 2023, Vrije University. All rights reserved.","Export Date: 19 January 2026; Cited By: 0 | RAYYAN-INCLUSION: {""Jingyu""=>""Included""} | RAYYAN-LABELS: core",10.20372/dcidj.651,disability;disaster;EquiFrame;gender;health;human rights;Nepal;policy analysis,,
rayyan-519178858,Communicating Vulnerability in Disasters: Media Coverage of People with Disabilities in Hurricane Katrina and the Tohoku Earthquake and Tsunami,2023,1.0,1.0,,,,,295-316,"Shek-Noble, L.",https://www.scopus.com/inward/record.uri?eid=2-s2.0-85173305119&doi=10.1007%2F978-3-031-14447-9_18&partnerID=40&md5=8afb610ef81c019e905053cc9ba24ebe,,,,"This chapter uses Hurricane Katrina and the Tōhoku Earthquake and Tsunami as case studies to undertake a comparative content analysis of news media coverage about the impact of post-disaster inaccessibility and miscommunication on people with disabilities. It argues that the construction of people with disabilities as a “vulnerable group” during disasters overlooks fundamental inequities in access and service that exist between this group and non-disabled people. A content analysis of English-language news stories from the United States of America and Japan about the two disasters produced three stereotypical frames of disability, demonstrating that the image of people with disabilities as a particularly “vulnerable” population continues to impede the active and direct involvement of this group in emergency management planning and disaster risk reduction policy. © The Author(s), under exclusive license to Springer Nature Switzerland AG 2023.","Export Date: 19 January 2026; Cited By: 3 | RAYYAN-INCLUSION: {""Jingyu""=>""Included""} | RAYYAN-LABELS: core",10.1007/978-3-031-14447-9_18,Content analysis;Crisis communication;Disability;Disability;Hurricane Katrina;Media;Natural disasters;Tōhoku Earthquake and Tsunami,,
rayyan-519178896,"Exploring persons with disabilities preparedness, perceptions and experiences of disasters in Tuvalu.",2020,1.0,1.0,PloS one,1932-6203 (Electronic),15.0,10.0,e0241180,Elisala N and Turagabeci A and Mohammadnezhad M and Mangum T,https://pubmed.ncbi.nlm.nih.gov/33119660/,eng,,United States,"BACKGROUND: Historically, Persons with Disabilities (PwDs) are disproportionately affected by disasters. In Pacific Island Countries (PICs), the risks and vulnerabilities of PwDs arise from social inequalities, as well as environmental barriers. As the frequency and intensity of disasters will increase over the next decade, it is critical that the challenges faced by PwDs are addressed and that they are prepared. OBJECTIVE: This study explores disaster preparedness, perceptions, and experiences with disasters among PwDs in Tuvalu. METHODS: This qualitative study was carried out among people with physical and sensory disabilities and without post-traumatic stress disorder (PTSD), who are aged 21 and above. Using grounded theory methodology, semi-structured in-depth interviews were conducted with 24 participants, with 7 then participating in a Focus Group Discussion (FGD). RESULTS: A total of 31 PwDs participated, of which 65% were male and 35% female, with a mean age of 44 ±15.70. The results showed how the PwDs ability to prepare, their perceptions, and experiences with disasters have contributed to their resilience to disasters. CONCLUSION: This study highlights the importance of understanding PwDs lived disaster experience to improve their preparedness and resilience for future disasters. This knowledge will assist government and non-government organisations, communities, and families to develop policies and plans that will enhance the preparedness of PwDs for disasters.","RAYYAN-INCLUSION: {""Jingyu""=>""Included""} | RAYYAN-LABELS: core",10.1371/journal.pone.0241180,Adult;Aged;*Persons with Disabilities;*Disaster Planning;Female;Humans;Male;Micronesia;Middle Aged;Qualitative Research;Surveys and Questionnaires;Young Adult,33119660.0,PMC7595426
rayyan-461208869,Deaf Community and DiDRR: Supporting a Twin-Track Approach,2023,1.0,1.0,Review of Disability Studies An International Journal,,18.0,3.0,,"Craig, L. and Cooper, A. and Takayama, K. and Klein, H.",https://www.scopus.com/inward/record.uri?eid=2-s2.0-105004301946&partnerID=40&md5=9ba1f54e9015b954dec38ec8b896ea78,,,,"To address Deaf Communities that are continually excluded from Disability inclusive Disaster Risk Reduction (DiDRR), community-based research and practices have found that adopting a twin track approach tailored to each deaf group and its specific communication practices are more effective than combining disaster training for all disability groups. © 2023, University of Hawai'i at Manoa Center on Disability Studies. All rights reserved.","Export Date: 19 January 2026; Cited By: 3 | RAYYAN-INCLUSION: {""Jingyu""=>""Included""} | RAYYAN-LABELS: core",,communication;Deaf communities;disasters,,
